"lunaid","vdate","npop","meanval","sdval","meansize","meanauto","meanpump","totalval"
10173,20150910,9,0.693636363636364,0.304574218451685,NA,34.6363636363636,NA,7.63
10195,20160217,9,0.704545454545455,0.19490323939656,61.5454545454545,25.5454545454545,36,7.75
10195,20170816,8,0.576666666666667,0.144116955871601,NA,24.5833333333333,NA,6.92
10195,20190319,9,0.652727272727273,0.174647697327558,NA,27.0909090909091,NA,7.18
10637,20140226,7,0.5,0.149888847706114,41.1538461538462,12.8461538461538,28.3076923076923,6.5
10638,20140328,5,0.46,0.269205179317614,NA,19.3333333333333,NA,6.9
10662,20140401,9,0.688181818181818,0.266188586600485,NA,26,NA,7.57
10711,20140821,11,0.67,0.128549601321824,NA,28.7777777777778,NA,6.03
10717,20140611,11,0.674444444444444,0.290908538509576,62.8888888888889,28.4444444444444,34.4444444444444,6.07
10749,20120828,7,0.613076923076923,0.164234822504477,NA,28.8461538461538,NA,7.97
10749,20140217,7,0.609230769230769,0.194998356337583,55.6923076923077,23.1538461538462,32.5384615384615,7.92
10767,20140610,3,0.319411764705882,0.0500587889679842,26.7058823529412,6.05882352941176,20.6470588235294,5.43
10772,20140329,10,0.707,0.237301964219056,68.3,32.4,35.9,7.07
10806,20140423,9,0.63,0.187136313953225,NA,31.7272727272727,NA,6.93
10811,20140320,6,0.427142857142857,0.232095092296524,NA,24.5,NA,5.98
10811,20140611,8,0.546666666666667,0.188261584616789,NA,29.9166666666667,NA,6.56
10814,20140612,3,0.300588235294118,0.1072654760533,NA,14.1176470588235,NA,5.11
10822,20140604,8,0.305,0.13661491998913,NA,17,NA,3.66
10824,20130520,6,0.632857142857143,0.264413096714754,NA,32.5714285714286,NA,8.86
10843,20151029,8,0.516666666666667,0.216766876592986,NA,23.75,NA,6.2
10843,20170526,11,0.568888888888889,0.271728009434271,NA,26.1111111111111,NA,5.12
10843,20190528,11,0.743333333333333,0.247638849940796,NA,29,NA,6.69
10845,20131125,9,0.666363636363636,0.174314240799352,63.5454545454545,28.8181818181818,34.7272727272727,7.33
10873,20140903,7,0.601538461538462,0.267327706315867,NA,26,NA,7.82
10880,20160521,9,0.577272727272727,0.16637853882583,52.1818181818182,20.7272727272727,31.4545454545455,6.35
10880,20171213,8,0.550833333333333,0.245855032427032,NA,29.9166666666667,NA,6.61
10891,20140619,10,0.669,0.340471894744796,NA,29,NA,6.69
10982,20161014,13,0.947142857142857,0.523982006234129,NA,35.2857142857143,NA,6.63
10985,20160314,10,0.878,0.179369265297412,67.4,25.4,42,8.78
10997,20151130,6,0.367857142857143,0.114567989315621,36.2142857142857,13.5714285714286,22.6428571428571,5.15
10997,20170802,6,0.444285714285714,0.123457515938716,34.9285714285714,8.85714285714286,26.0714285714286,6.22
10997,20190507,5,0.514,0.130919822792425,38.8,9.86666666666667,28.9333333333333,7.71
11048,20160524,9,0.617272727272727,0.216383497942468,NA,28.3636363636364,NA,6.79
11048,20171214,7,0.563846153846154,0.174906568465303,53.7692307692308,22.9230769230769,30.8461538461538,7.33
11048,20190628,7,0.545384615384615,0.153221810056281,45.6923076923077,15.4615384615385,30.2307692307692,7.09
11126,20140716,11,0.84,0.40024992192379,NA,39.5555555555556,NA,7.56
11162,20140610,10,0.692,0.149725675078718,NA,30.5,NA,6.92
11165,20140512,8,0.5325,0.233320887113941,NA,29.25,NA,6.39
11178,20140219,5,0.44,0.120118988626159,NA,24.2,NA,6.6
11206,20140610,6,0.343571428571429,0.0773212223685802,38.5,16.7142857142857,21.7857142857143,4.81
11216,20140827,9,0.664545454545455,0.283526493871865,NA,30.7272727272727,NA,7.31
11228,20140820,7,0.635384615384615,0.155328436150381,NA,29,NA,8.26
11228,20160115,7,0.425384615384615,0.119903807599772,NA,22,NA,5.53
11228,20170719,6,0.397857142857143,0.0762766797136049,NA,19.1428571428571,NA,5.57
11228,20190226,6,0.477142857142857,0.084163629220207,NA,24.8571428571429,NA,6.68
11229,20131218,6,0.33,0.0791298834925116,36.7142857142857,15.7142857142857,21,4.62
11243,20140115,6,0.450714285714286,0.0961140577018372,47.2142857142857,20.7857142857143,26.4285714285714,6.31
11246,20140121,7,0.43,0.133103969387343,31.2307692307692,5.76923076923077,25.4615384615385,5.59
11248,20160201,5,0.317333333333333,0.118651149333225,NA,14.4666666666667,NA,4.76
11248,20170724,9,0.549090909090909,0.160963010996598,NA,27.8181818181818,NA,6.04
11248,20190306,9,0.659090909090909,0.228317960110656,NA,30.9090909090909,NA,7.25
11250,20140205,7,0.586923076923077,0.172597055565104,51.1538461538462,19.4615384615385,31.6923076923077,7.63
11253,20140210,10,0.667,0.37715455128575,59.3,25.9,33.4,6.67
11255,20140211,7,0.415384615384615,0.189895382803944,NA,20.3076923076923,NA,5.4
11256,20140215,10,0.598,0.16518003645854,52.2,20,32.2,5.98
11257,20150916,10,0.613,0.185535261697968,NA,30.9,NA,6.13
11258,20140219,6,0.418571428571429,0.15673874111729,37.1428571428571,12.2857142857143,24.8571428571429,5.86
11262,20140224,13,0.915714285714286,0.208794727172977,NA,42.8571428571429,NA,6.41
11263,20140226,10,0.724,0.156361404729201,61.6,24.7,36.9,7.24
11265,20140916,8,0.565833333333333,0.22987974458333,NA,10.75,NA,6.79
11266,20140311,11,0.725555555555556,0.205737157017826,65.5555555555556,28.8888888888889,36.6666666666667,6.53
11268,20140317,9,0.734545454545455,0.130565204887339,60.1818181818182,22.8181818181818,37.3636363636364,8.08
11269,20140320,7,0.465384615384615,0.256405128153845,NA,18.7692307692308,NA,6.05
11270,20140321,7,0.458461538461538,0.0849358732462471,45.7692307692308,18.9230769230769,26.8461538461538,5.96
11270,20160719,7,0.471538461538462,0.0589980442961394,NA,24.4615384615385,NA,6.13
11271,20140321,13,0.874285714285714,0.198817935379511,NA,40.1428571428571,NA,6.12
11272,20140324,11,0.867777777777778,0.169689258482806,NA,39.4444444444444,NA,7.81
11272,20151005,8,0.628333333333333,0.361985266735172,NA,30.8333333333333,NA,7.54
11273,20140325,4,0.3175,0.0895544527089524,32.125,11.8125,20.3125,5.08
11273,20140402,7,0.462307692307692,0.263032122441152,NA,26.0769230769231,NA,6.01
11275,20160125,11,0.728888888888889,0.194964384211863,NA,34,NA,6.56
11275,20171113,8,0.558333333333333,0.112074109680185,52.4166666666667,21.5833333333333,30.8333333333333,6.7
11275,20190604,9,0.64,0.110995495404093,NA,28.7272727272727,NA,7.04
11276,20140423,7,0.527692307692308,0.129688977053683,NA,17.4615384615385,NA,6.86
11278,20140331,6,0.461428571428571,0.0964649910874122,NA,21.6428571428571,NA,6.46
11279,20140401,6,0.427142857142857,0.0804246968793285,NA,20.2857142857143,NA,5.98
11281,20140409,9,0.559090909090909,0.146044824999351,NA,30.6363636363636,NA,6.15
11282,20140417,13,0.824285714285714,0.428285618984074,NA,37.7142857142857,NA,5.77
11282,20141013,8,0.654166666666667,0.203758249507656,NA,32.4166666666667,NA,7.85
11283,20140418,7,0.478461538461538,0.159991986978836,33,5.61538461538461,27.3846153846154,6.22
11284,20140425,7,0.400769230769231,0.122777681092123,NA,22.9230769230769,NA,5.21
11285,20140430,12,0.75,0.249227377537633,NA,35.875,NA,6
11286,20140505,5,0.386,0.137933731500726,NA,17.7333333333333,NA,5.79
11287,20140508,7,0.355384615384615,0.156344458627704,NA,17.1538461538462,NA,4.62
11289,20140519,7,0.466153846153846,0.135249058008948,NA,23.2307692307692,NA,6.06
11289,20151001,4,0.26125,0.0757077715077301,NA,13.625,NA,4.18
11289,20170406,5,0.406666666666667,0.0777051815395552,NA,20.8,NA,6.1
11289,20181009,8,0.563333333333333,0.0922775786155636,54.1666666666667,23.0833333333333,31.0833333333333,6.76
11290,20140520,9,0.492727272727273,0.166678787438049,NA,25.3636363636364,NA,5.42
11291,20140521,6,0.436428571428571,0.103150908333906,NA,19.2857142857143,NA,6.11
11292,20140527,6,0.5,0.0662164283589457,38.2142857142857,9.57142857142857,28.6428571428571,7
11293,20140528,11,0.758888888888889,0.22290381582896,NA,28.5555555555556,NA,6.83
11294,20140604,7,0.424615384615385,0.0578237818167382,NA,19.8461538461538,NA,5.52
11296,20140607,6,0.517857142857143,0.256310465929612,NA,25.7857142857143,NA,7.25
11297,20140609,11,0.85,0.279329554469268,NA,31.7777777777778,NA,7.65
11298,20140618,4,0.29375,0.0899536917900909,NA,15.625,NA,4.7
11299,20140620,7,0.604615384615385,0.263963866991153,NA,21.3076923076923,NA,7.86
11299,20151015,10,0.644,0.213915871313935,56.7,23,33.7,6.44
11299,20170710,13,0.824285714285714,0.338863647251474,72.1428571428571,32.7142857142857,39.4285714285714,5.77
11300,20140627,9,0.57,0.249198715887542,NA,25.7272727272727,NA,6.27
11301,20140630,10,0.651,0.21020889081525,56,22,34,6.51
11302,20140710,9,0.726363636363636,0.167766070900688,NA,35.0909090909091,NA,7.99
11303,20140710,2,0.298888888888889,0.0909355873448434,30.3888888888889,10.8888888888889,19.5,5.38
11304,20140711,8,0.4875,0.30337870123599,47.25,20.4166666666667,26.8333333333333,5.85
11305,20140714,10,0.628,0.30763614872118,NA,31.6,NA,6.28
11306,20140714,12,0.98375,0.438599638459886,46.625,2.625,44,7.87
11307,20140715,8,0.609166666666667,0.110819946787844,NA,32.8333333333333,NA,7.31
11309,20140716,8,0.6125,0.154456525216056,NA,30.5833333333333,NA,7.35
11310,20140717,7,0.585384615384615,0.417843977751971,NA,25,NA,7.61
11312,20140723,3,0.245882352941176,0.0874684817183747,28,11.2941176470588,16.7058823529412,4.18
11313,20140804,7,0.351538461538462,0.138434470288662,24.6923076923077,2.92307692307692,21.7692307692308,4.57
11314,20140806,5,0.569333333333333,0.330982663910852,NA,20.5333333333333,NA,8.54
11314,20170224,10,0.543,0.143840189098875,NA,25.8,NA,5.43
11315,20140806,8,0.475833333333333,0.246335260582119,NA,20.75,NA,5.71
11316,20140811,8,0.504166666666667,0.189230899520489,NA,24.5,NA,6.05
11317,20140812,8,0.588333333333333,0.423488399182816,NA,28.75,NA,7.06
11318,20140814,10,0.644,0.17557524502807,NA,33.4,NA,6.44
11319,20140814,10,0.825,0.280168600032988,NA,39.9,NA,8.25
11320,20140820,9,0.578181818181818,0.221396394813384,53.5454545454545,22.4545454545455,31.0909090909091,6.36
11321,20140820,5,0.322,0.0895384993013779,NA,17.4666666666667,NA,4.83
11322,20140827,11,0.601111111111111,0.167812726308558,NA,27.6666666666667,NA,5.41
11323,20140828,5,0.329333333333333,0.136928900563482,NA,18.0666666666667,NA,4.94
11324,20140905,4,0.350625,0.0905883546599672,32.6875,10.6875,22,5.61
11325,20140909,10,0.508,0.280784614963142,NA,25.2,NA,5.08
11326,20140910,7,0.406923076923077,0.146650640150019,41.6153846153846,17.2307692307692,24.3846153846154,5.29
11328,20140912,9,0.678181818181818,0.275601820814674,NA,28.7272727272727,NA,7.46
11329,20140922,6,0.328571428571429,0.0203269971512472,NA,18,NA,4.6
11331,20141007,8,0.37,0.132870408498452,NA,22.3333333333333,NA,4.44
11332,20141013,10,0.609,0.193186726022031,NA,25.3,NA,6.09
11333,20141015,10,0.638,0.186237602122784,46.5,12.9,33.6,6.38
11335,20141020,10,0.825,0.382542662834995,NA,38.4,NA,8.25
11336,20141020,13,0.997142857142857,0.404710360863762,69,24.1428571428571,44.8571428571429,6.98
11337,20141020,9,0.622727272727273,0.232210719351666,NA,30.9090909090909,NA,6.85
11338,20141021,8,0.520833333333333,0.30675599818788,NA,19.75,NA,6.25
11338,20160319,8,0.473333333333333,0.293856283158137,45.5833333333333,19.25,26.3333333333333,5.68
11338,20171028,10,0.691,0.424171087075853,NA,30.7,NA,6.91
11342,20141104,7,0.516923076923077,0.0883538921406989,40.3076923076923,11,29.3076923076923,6.72
11343,20141108,7,0.460769230769231,0.284794122670557,NA,21.1538461538462,NA,5.99
11344,20141111,10,0.651,0.0530094331227943,NA,34.4,NA,6.51
11345,20141112,9,0.643636363636364,0.218049202120656,NA,31.8181818181818,NA,7.08
11346,20141115,4,0.33125,0.178694338653094,29.75,9.125,20.625,5.3
11346,20151010,7,0.546923076923077,0.25901687896688,49.3846153846154,19.7692307692308,29.6153846153846,7.11
11346,20180317,8,0.498333333333333,0.224775982756705,40.0833333333333,12.25,27.8333333333333,5.98
11347,20141117,7,0.588461538461538,0.09915023565665,52.0769230769231,20,32.0769230769231,7.65
11350,20141120,8,0.5075,0.132536444387606,45.8333333333333,17.0833333333333,28.75,6.09
11353,20141201,11,0.606666666666667,0.115433963806152,NA,27.1111111111111,NA,5.46
11361,20150303,2,0.203888888888889,0.033279368080979,23.8333333333333,9.27777777777778,14.5555555555556,3.67
11366,20150418,5,0.274,0.0716937933157397,NA,14.6,NA,4.11
11370,20160208,8,0.6425,0.142134699237282,64.25,30.25,34,7.71
11389,20151217,4,0.350625,0.124014448083009,NA,18.9375,NA,5.61
11389,20170626,6,0.482142857142857,0.191077051370487,34.2142857142857,6.85714285714286,27.3571428571429,6.75
11389,20190313,7,0.556923076923077,0.122228243829909,34.8461538461538,4.07692307692308,30.7692307692308,7.24
11393,20160209,7,0.620769230769231,0.364016060507902,NA,20.7692307692308,NA,8.07
11393,20170911,7,0.523846153846154,0.243294693103462,38.6153846153846,9.69230769230769,28.9230769230769,6.81
11393,20190521,5,0.566,0.187113410987638,NA,12.8666666666667,NA,8.49
11394,20150918,8,0.5875,0.35422450508117,NA,27.0833333333333,NA,7.05
11394,20170505,9,0.788181818181818,0.324648061192984,NA,37.2727272727273,NA,8.67
11394,20190111,8,0.7,0.304003588495567,NA,32.75,NA,8.4
11395,20160227,9,0.746363636363636,0.285631676369157,57.1818181818182,20.1818181818182,37,8.21
11395,20171009,13,0.737142857142857,0.317947285238412,NA,24.7142857142857,NA,5.16
11403,20151008,9,0.543636363636364,0.274272591677431,42.5454545454545,13.1818181818182,29.3636363636364,5.98
11403,20170328,11,0.717777777777778,0.205291121202171,NA,30.1111111111111,NA,6.46
11405,20151111,13,0.735714285714286,0.211254754807014,NA,33.8571428571429,NA,5.15
11405,20170523,9,0.604545454545454,0.236827516828752,NA,28.0909090909091,NA,6.65
11409,20150909,9,0.729090909090909,0.277252756359772,NA,30.3636363636364,NA,8.02
11409,20170515,8,0.6025,0.221446689665112,NA,32.0833333333333,NA,7.23
11409,20190218,8,0.729166666666667,0.283884045897531,NA,29.5833333333333,NA,8.75
11411,20151209,11,0.61,0.248997991959775,NA,31.1111111111111,NA,5.49
11411,20170818,7,0.657692307692308,0.287203581864672,NA,32.9230769230769,NA,8.55
11411,20190530,8,0.596666666666667,0.212060597400123,48.0833333333333,16.1666666666667,31.9166666666667,7.16
11414,20151017,8,0.688333333333333,0.160047341481049,NA,27.6666666666667,NA,8.26
11414,20170516,9,0.766363636363636,0.243157262991371,67.8181818181818,29.7272727272727,38.0909090909091,8.43
11415,20150929,11,0.656666666666667,0.27046256672597,NA,27.7777777777778,NA,5.91
11415,20170608,8,0.7075,0.251255936157826,NA,21.8333333333333,NA,8.49
11419,20151014,6,0.500714285714286,0.225574967436695,49.7142857142857,21.7857142857143,27.9285714285714,7.01
11419,20170523,7,0.574615384615385,0.28277244634203,NA,27.3076923076923,NA,7.47
11419,20190117,6,0.494285714285714,0.154756100201092,47.0714285714286,18.9285714285714,28.1428571428571,6.92
11421,20170407,12,0.72,0.104880884817015,NA,33.5,NA,5.76
11421,20181018,11,0.788888888888889,0.399169276261477,NA,33.4444444444444,NA,7.1
11425,20160127,11,0.663333333333333,0.393986040361838,NA,29.8888888888889,NA,5.97
11425,20171120,7,0.4,0.101734949746879,NA,19.8461538461538,NA,5.2
11425,20190708,8,0.561666666666667,0.181199705665692,55,24.3333333333333,30.6666666666667,6.74
11426,20151013,7,0.462307692307692,0.11819150041027,45.5384615384615,18.6923076923077,26.8461538461538,6.01
11426,20170425,9,0.713636363636364,0.113602176675689,67.3636363636364,30.7272727272727,36.6363636363636,7.85
11426,20190212,10,0.741,0.212730920282982,NA,36,NA,7.41
11429,20150911,10,0.616,0.18099723754798,52,19.2,32.8,6.16
11429,20170403,10,0.599,0.269997942378991,NA,26.5,NA,5.99
11431,20150915,10,0.569,0.218908910533836,NA,29,NA,5.69
11431,20170320,9,0.636363636363636,0.21923835099146,NA,25.4545454545455,NA,7
11431,20190130,7,0.481538461538462,0.121439021312904,NA,21.6923076923077,NA,6.26
11434,20160331,10,0.55,0.0333333333333333,NA,29,NA,5.5
11436,20150923,6,0.385714285714286,0.257613732484965,NA,14.4285714285714,NA,5.4
11437,20150923,10,0.702,0.283971829588782,66.6,31.1,35.5,7.02
11439,20150928,5,0.394666666666667,0.149468901049524,40.1333333333333,16.4666666666667,23.6666666666667,5.92
11441,20150930,10,0.653,0.270187177917663,NA,26.3,NA,6.53
11441,20170404,10,0.611,0.213669006747456,NA,30.3,NA,6.11
11441,20190117,10,0.722,0.228609322255726,NA,29.2,NA,7.22
11443,20150930,9,0.659090909090909,0.260286555375207,48.0909090909091,14,34.0909090909091,7.25
11443,20170405,12,0.625,0.32218007387174,NA,32.125,NA,5
11443,20190710,12,0.75875,0.15833395989851,NA,32,NA,6.07
11444,20151002,10,0.698,0.251387262118739,60.7,25.2,35.5,6.98
11444,20190308,9,0.570909090909091,0.167359167388855,50.9090909090909,19.8181818181818,31.0909090909091,6.28
11445,20151003,10,0.609,0.219618355840814,61.6,29.3,32.3,6.09
11445,20170518,10,0.665,0.237030237170985,63.5,29.1,34.4,6.65
11445,20181214,8,0.500833333333333,0.220761423397762,52,24,28,6.01
11446,20151005,9,0.686363636363636,0.281505691852677,NA,29.9090909090909,NA,7.55
11447,20151005,10,0.849,0.423882845449856,NA,32.4,NA,8.49
11447,20170524,10,0.65,0.211765068990248,56.6,22.6,34,6.5
11447,20190109,9,0.704545454545455,0.1304119347578,39.9090909090909,3.63636363636364,36.2727272727273,7.75
11448,20151006,7,0.561538461538462,0.172184307930299,NA,23,NA,7.3
11448,20170504,6,0.490714285714286,0.0997276511084283,47.6428571428571,19.4285714285714,28.2142857142857,6.87
11448,20181105,8,0.550833333333333,0.21159387915762,49.6666666666667,19.5,30.1666666666667,6.61
11449,20151006,10,0.661,0.299571916796841,NA,29,NA,6.61
11449,20170426,8,0.424166666666667,0.168007485403226,NA,23.8333333333333,NA,5.09
11449,20190222,9,0.707272727272727,0.202735833492301,NA,33.5454545454545,NA,7.78
11451,20151214,9,0.570909090909091,0.236408736955915,NA,26,NA,6.28
11451,20170629,14,0.893333333333333,0.404755069970305,NA,38.3333333333333,NA,5.36
11452,20151009,10,0.665,0.266926956300783,NA,32.6,NA,6.65
11452,20170915,8,0.503333333333333,0.215589396489688,30.5833333333333,2.41666666666667,28.1666666666667,6.04
11452,20190429,10,0.772,0.24462215762273,NA,38.2,NA,7.72
11453,20151016,9,0.400909090909091,0.171082117443907,NA,17.2727272727273,NA,4.41
11453,20170825,5,0.422666666666667,0.381621852224474,NA,19.2,NA,6.34
11453,20190829,7,0.616153846153846,0.215078995624804,53.5384615384615,20.9230769230769,32.6153846153846,8.01
11455,20151119,4,0.2425,0.0494637914707988,NA,14.0625,NA,3.88
11455,20170530,3,0.363529411764706,0.123285298011897,31.1764705882353,8.76470588235294,22.4117647058824,6.18
11455,20181218,8,0.618333333333333,0.378485818956953,56.75,25.25,31.5,7.42
11457,20151022,9,0.484545454545455,0.175804643645362,46.7272727272727,19.1818181818182,27.5454545454545,5.33
11457,20170616,9,0.652727272727273,0.139218598548535,53.2727272727273,18.9090909090909,34.3636363636364,7.18
11457,20190204,9,0.5,0.210428135001002,43.1818181818182,15.1818181818182,28,5.5
11458,20151026,5,0.468,0.243081409055838,NA,14.0666666666667,NA,7.02
11458,20170804,4,0.48375,0.311894747203818,50.3125,23.625,26.6875,7.74
11458,20190314,6,0.554285714285714,0.247967562572027,NA,27.5714285714286,NA,7.76
11459,20151026,13,1,0.0244948974278318,NA,41.4285714285714,NA,7
11460,20151027,7,0.439230769230769,0.106650639821611,44,18.0769230769231,25.9230769230769,5.71
11460,20170707,5,0.367333333333333,0.209607342655829,NA,22,NA,5.51
11460,20190523,7,0.502307692307692,0.139173383839119,49.2307692307692,20.6923076923077,28.5384615384615,6.53
11461,20151029,12,0.775,0.270026453730529,NA,37.625,NA,6.2
11461,20170606,14,1.085,0.235435766186873,NA,46,NA,6.51
11461,20190125,9,0.754545454545455,0.271417156287647,NA,31.0909090909091,NA,8.3
11463,20151111,10,0.649,0.217329754571762,64.9,31,33.9,6.49
11463,20170628,9,0.624545454545455,0.217364377779048,62.6363636363636,29.6363636363636,33,6.87
11463,20190219,9,0.534545454545455,0.182885955522213,48.7272727272727,19.0909090909091,29.6363636363636,5.88
11465,20151112,7,0.492307692307692,0.152214423656994,NA,25.4615384615385,NA,6.4
11465,20170607,13,0.992857142857143,0.345143172500644,NA,45.1428571428571,NA,6.95
11465,20190426,12,0.7775,0.164208056179609,NA,38.5,NA,6.22
11467,20151114,7,0.686153846153846,0.4179421503338,NA,27.5384615384615,NA,8.92
11468,20160118,10,0.734,0.112269516986778,63,25.6,37.4,7.34
11469,20151121,7,0.604615384615385,0.134512414830713,NA,30.6923076923077,NA,7.86
11469,20170621,11,0.666666666666667,0.127082650271388,NA,34.4444444444444,NA,6
11470,20151210,5,0.403333333333333,0.121753067820936,NA,11.6666666666667,NA,6.05
11471,20151204,7,0.466153846153846,0.234041964240691,NA,19.5384615384615,NA,6.06
11472,20151208,5,0.348,0.198393548282196,NA,21.2666666666667,NA,5.22
11472,20170706,5,0.294,0.0910886538331907,NA,15.5333333333333,NA,4.41
11472,20190418,4,0.345,0.107206964947868,39.1875,17.625,21.5625,5.52
11474,20151212,8,0.5475,0.146977116338812,NA,27.1666666666667,NA,6.57
11475,20151216,7,0.42,0.147930163703463,NA,18.6153846153846,NA,5.46
11475,20170612,6,0.54,0.301483511476677,NA,29.1428571428571,NA,7.56
11475,20190404,8,0.661666666666667,0.185464200580516,62.5,28,34.5,7.94
11480,20160104,12,0.78125,0.282308721589883,NA,32.5,NA,6.25
11480,20170712,10,0.542,0.180911273526248,NA,23.5,NA,5.42
11480,20190320,11,0.837777777777778,0.439510459994349,NA,33.8888888888889,NA,7.54
11481,20160105,11,0.653333333333333,0.352987251894456,NA,30.4444444444444,NA,5.88
11481,20170714,10,0.47,0.173973178009332,NA,25,NA,4.7
11481,20190208,8,0.5475,0.262821232019029,NA,25.5833333333333,NA,6.57
11482,20160108,8,0.578333333333333,0.0643616674925708,54.25,22.5,31.75,6.94
11482,20170725,9,0.75,0.209141100695201,60.2727272727273,22.7272727272727,37.5454545454545,8.25
11482,20190326,10,0.738,0.190950837186492,58.7,21.4,37.3,7.38
11484,20160109,10,1.035,0.382949082777332,NA,31.5,NA,10.35
11484,20171118,11,0.723333333333333,0.300374765917512,64.5555555555556,28.5555555555556,36,6.51
11484,20190729,9,0.693636363636364,0.125480893148935,NA,29.0909090909091,NA,7.63
11486,20160116,7,0.476153846153846,0.150750260449662,44.7692307692308,17.4615384615385,27.3076923076923,6.19
11486,20170828,9,0.687272727272727,0.18482915944682,62.6363636363636,27.1818181818182,35.4545454545455,7.56
11486,20190423,11,0.586666666666667,0.238379948821204,54.1111111111111,23,31.1111111111111,5.28
11487,20160120,10,0.702,0.337698090015327,NA,32.9,NA,7.02
11487,20170807,12,0.59625,0.176387357823626,NA,31.375,NA,4.77
11487,20190401,10,0.827,0.245766375061991,NA,34.6,NA,8.27
11488,20160219,8,0.506666666666667,0.152275667090572,NA,22.4166666666667,NA,6.08
11488,20170802,7,0.56,0.0721110255092798,52.3076923076923,21.3076923076923,31,7.28
11488,20190529,10,0.664,0.236135554290327,NA,27.7,NA,6.64
11489,20160122,7,0.523076923076923,0.133065435994515,31.6153846153846,2.23076923076923,29.3846153846154,6.8
11489,20180511,5,0.448,0.161740532953246,NA,17.6666666666667,NA,6.72
11490,20160125,16,0.9625,0.395253083479433,NA,42.5,NA,3.85
11491,20160126,9,0.786363636363636,0.33251384113365,NA,12.4545454545455,NA,8.65
11492,20160129,10,0.819,0.18740627287023,NA,35.4,NA,8.19
11492,20170925,12,0.77375,0.223666684408487,NA,38,NA,6.19
11492,20190410,9,0.586363636363636,0.198155127477072,NA,30.4545454545455,NA,6.45
11493,20160130,4,0.270625,0.0585910971621685,NA,12.0625,NA,4.33
11495,20160203,12,0.95,0.189887184552152,NA,43.125,NA,7.6
11495,20170814,14,1.07833333333333,0.165458957650127,NA,45.1666666666667,NA,6.47
11496,20160204,7,0.480769230769231,0.106572474437316,44.3846153846154,16.6923076923077,27.6923076923077,6.25
11496,20170922,8,0.559166666666667,0.0998597501347249,54.8333333333333,23.9166666666667,30.9166666666667,6.71
11496,20190529,9,0.689090909090909,0.283600230798726,NA,28.9090909090909,NA,7.58
11497,20160205,6,0.498571428571429,0.163747326125304,48.4285714285714,20.1428571428571,28.2857142857143,6.98
11497,20171011,10,0.794,0.330595422432515,NA,28.4,NA,7.94
11498,20160208,10,0.627,0.208435974715392,NA,31.4,NA,6.27
11498,20181018,9,0.677272727272727,0.302228089663781,NA,33.2727272727273,NA,7.45
11499,20160209,8,0.636666666666667,0.267219124701172,59,25.9166666666667,33.0833333333333,7.64
11501,20160210,8,0.478333333333333,0.111586357371836,NA,22.5,NA,5.74
11502,20160210,7,0.503076923076923,0.160280203361936,NA,23.4615384615385,NA,6.54
11502,20180110,10,0.789,0.206206476889333,NA,30.4,NA,7.89
11502,20190710,11,0.646666666666667,0.174068951855292,NA,23.4444444444444,NA,5.82
11503,20160211,9,0.662727272727273,0.299569387925099,NA,31.0909090909091,NA,7.29
11504,20160215,9,0.641818181818182,0.123597587502199,55.6363636363636,21.6363636363636,34,7.06
11504,20170829,6,0.431428571428571,0.103615943446285,NA,18.5,NA,6.04
11504,20190509,5,0.463333333333333,0.123036966957477,41.8,14.8666666666667,26.9333333333333,6.95
11506,20160217,11,0.783333333333333,0.280044639298809,NA,34,NA,7.05
11506,20170905,10,0.66,0.115373788665845,60.5,25.8,34.7,6.6
11507,20160218,7,0.533076923076923,0.134992877304978,49,19.2307692307692,29.7692307692308,6.93
11507,20171208,9,0.591818181818182,0.194772594674825,57,25.0909090909091,31.9090909090909,6.51
11508,20160301,7,0.558461538461538,0.136494575829112,NA,22.6923076923077,NA,7.26
11508,20171106,8,0.645,0.158372403473011,59.1666666666667,25.0833333333333,34.0833333333333,7.74
11508,20190610,6,0.558571428571429,0.148160886713223,51.8571428571429,21.1428571428571,30.7142857142857,7.82
11509,20160223,8,0.598333333333333,0.0657589721957576,56.5,24,32.5,7.18
11509,20171003,9,0.653636363636364,0.271266390372,52.7272727272727,18.9090909090909,33.8181818181818,7.19
11510,20160224,5,0.458,0.150199866844149,37.3333333333333,10.8,26.5333333333333,6.87
11512,20160226,8,0.828333333333333,0.315186332575549,NA,27.75,NA,9.94
11512,20170926,10,0.707,0.270269412911553,61.5,25.7,35.8,7.07
11512,20190507,10,0.793,0.249178650770888,67.4,28.6,38.8,7.93
11513,20160229,6,0.515714285714286,0.134662786002912,42.2142857142857,13.1428571428571,29.0714285714286,7.22
11513,20171013,7,0.486153846153846,0.0955282210953445,NA,18.3846153846154,NA,6.32
11513,20190514,6,0.449285714285714,0.168726646735723,NA,19.3571428571429,NA,6.29
11514,20160307,8,0.6775,0.113628181523615,54.4166666666667,19.0833333333333,35.3333333333333,8.13
11514,20170913,13,0.678571428571429,0.0940617831407583,NA,33,NA,4.75
11515,20160307,8,0.59,0.193296757250701,47.25,15.5,31.75,7.08
11515,20171016,10,0.653,0.386725570226054,48.2,15.3,32.9,6.53
11515,20190619,11,0.826666666666667,0.419791614971047,59.7777777777778,20.5555555555556,39.2222222222222,7.44
11516,20160311,9,0.605454545454545,0.222681999109207,NA,27,NA,6.66
11516,20171204,11,0.641111111111111,0.238979311052466,NA,26.8888888888889,NA,5.77
11517,20160314,9,0.519090909090909,0.203688710804234,NA,24.8181818181818,NA,5.71
11518,20160314,8,0.568333333333333,0.0952349566582406,38.8333333333333,7.5,31.3333333333333,6.82
11518,20171102,8,0.5325,0.134240286596292,42.8333333333333,13.0833333333333,29.75,6.39
11518,20190524,11,0.77,0.191768089107651,NA,26.1111111111111,NA,6.93
11519,20160315,6,0.423571428571429,0.188459632194889,NA,24.7857142857143,NA,5.93
11520,20160317,4,0.36,0.0682153452921946,38.9375,16.5,22.4375,5.76
11521,20160321,7,0.526923076923077,0.254930860410707,NA,23,NA,6.85
11522,20160322,6,0.513571428571429,0.230771520135164,NA,24.7142857142857,NA,7.19
11522,20180117,9,0.619090909090909,0.250697209615685,NA,29.4545454545455,NA,6.81
11522,20190823,7,0.782307692307692,0.387280127860826,NA,36.8461538461538,NA,10.17
11524,20160329,9,0.357272727272727,0.106966434837374,NA,22.0909090909091,NA,3.93
11526,20160401,11,0.813333333333333,0.125698050899765,NA,33.6666666666667,NA,7.32
11527,20160404,8,0.535833333333333,0.157275573629874,NA,25.5,NA,6.43
11528,20160407,7,0.546153846153846,0.192723396847159,NA,30,NA,7.1
11529,20160411,8,0.455833333333333,0.102377051169003,NA,24.3333333333333,NA,5.47
11529,20180103,6,0.527142857142857,0.0929374124740012,48.3571428571429,18.7142857142857,29.6428571428571,7.38
11529,20190618,8,0.464166666666667,0.150723005020548,46.1666666666667,19.4166666666667,26.75,5.57
11530,20160412,10,0.571,0.235629181365787,NA,29.3,NA,5.71
11531,20160412,8,0.663333333333333,0.254498913494138,NA,30.4166666666667,NA,7.96
11531,20171011,10,0.795,0.251628032354638,71.8,32.9,38.9,7.95
11531,20190618,10,0.771,0.240390885388314,72.2,34,38.2,7.71
11533,20160415,9,0.663636363636364,0.285070964051856,NA,30.4545454545455,NA,7.3
11535,20160419,9,0.429090909090909,0.194291252785839,NA,17.6363636363636,NA,4.72
11535,20171108,9,0.745454545454545,0.265343687935614,55.5454545454545,18.4545454545455,37.0909090909091,8.2
11535,20190520,13,0.927142857142857,0.241365164962019,74,30.5714285714286,43.4285714285714,6.49
11536,20160419,9,0.798181818181818,0.366819251997988,NA,37.9090909090909,NA,8.78
11536,20171215,10,0.776,0.328369710336789,NA,36.1,NA,7.76
11537,20160420,11,0.86,0.115,NA,34.1111111111111,NA,7.74
11537,20171025,11,0.907777777777778,0.110315204955819,83.6666666666667,40.5555555555556,43.1111111111111,8.17
11538,20160422,6,0.446428571428571,0.106742475350518,43,16.7142857142857,26.2857142857143,6.25
11540,20160426,13,0.802857142857143,0.153917108179943,74.1428571428571,34.5714285714286,39.5714285714286,5.62
11541,20160429,8,0.381666666666667,0.0982421251374132,NA,20.75,NA,4.58
11541,20171117,4,0.37875,0.0967384790728763,NA,11.6875,NA,6.06
11542,20160429,7,0.533846153846154,0.268375932277172,NA,22.1538461538462,NA,6.94
11542,20171114,7,0.453076923076923,0.23260784650654,NA,19.4615384615385,NA,5.89
11542,20190909,9,0.577272727272727,0.156658284753211,NA,26.8181818181818,NA,6.35
11543,20160430,8,0.619166666666667,0.237963264289922,57.8333333333333,25.1666666666667,32.6666666666667,7.43
11543,20180612,10,0.56,0.205264057577875,51.9,21.5,30.4,5.6
11544,20160509,8,0.72,0.321982495289305,NA,28.6666666666667,NA,8.64
11546,20160512,9,0.667272727272727,0.195657400018037,51.4545454545455,16.8181818181818,34.6363636363636,7.34
11547,20160523,5,0.383333333333333,0.0707779895837951,NA,20.1333333333333,NA,5.75
11547,20171130,6,0.69,0.441779617874377,NA,33.6428571428571,NA,9.66
11547,20190610,6,0.545,0.252060737491215,NA,27.3571428571429,NA,7.63
11548,20160601,9,0.692727272727273,0.174876579855103,61.8181818181818,26.0909090909091,35.7272727272727,7.62
11549,20160601,8,0.525833333333333,0.183424908258658,51.5833333333333,22.3333333333333,29.25,6.31
11550,20160606,6,0.358571428571429,0.141793845090309,NA,14.5714285714286,NA,5.02
11550,20171209,9,0.732727272727273,0.207127540857845,NA,26.8181818181818,NA,8.06
11551,20160608,9,0.606363636363636,0.342907355630431,NA,22.7272727272727,NA,6.67
11551,20171206,11,0.804444444444444,0.482807184886242,NA,33.8888888888889,NA,7.24
11554,20160620,8,0.524166666666667,0.208215724379279,NA,14.6666666666667,NA,6.29
11554,20180310,8,0.586666666666667,0.209255534664866,54.3333333333333,22.8333333333333,31.5,7.04
11555,20160622,11,0.674444444444444,0.368174928230831,NA,25.4444444444444,NA,6.07
11557,20160624,7,0.539230769230769,0.227649640839512,53.0769230769231,23.6153846153846,29.4615384615385,7.01
11557,20180312,7,0.540769230769231,0.162555710371426,32.6923076923077,2.76923076923077,29.9230769230769,7.03
11558,20160629,8,0.61,0.361285583337161,58,26.4166666666667,31.5833333333333,7.32
11558,20180308,10,0.634,0.141437068848462,NA,23.3,NA,6.34
11560,20160705,7,0.489230769230769,0.144710143531909,NA,18.2307692307692,NA,6.36
11561,20160708,6,0.430714285714286,0.108519001222706,32.5,7,25.5,6.03
11561,20180122,8,0.665,0.161104144746637,47.8333333333333,13.0833333333333,34.75,7.98
11561,20190904,11,0.655555555555556,0.158832546342926,53.1111111111111,18.6666666666667,34.4444444444444,5.9
11562,20160712,6,0.365714285714286,0.128943296166856,NA,18.1428571428571,NA,5.12
11564,20160713,6,0.460714285714286,0.126944220683083,45.1428571428571,18.3571428571429,26.7857142857143,6.45
11565,20160718,8,0.653333333333333,0.331205328605942,53.6666666666667,20.3333333333333,33.3333333333333,7.84
11565,20180122,11,0.635555555555556,0.304840577643098,54.5555555555556,21.7777777777778,32.7777777777778,5.72
11565,20190709,7,0.769230769230769,0.235494569592788,57.3076923076923,19.2307692307692,38.0769230769231,10
11568,20160804,8,0.534166666666667,0.079023395078274,54.75,24.75,30,6.41
11568,20180220,7,0.462307692307692,0.132234252128174,48.3846153846154,21.5384615384615,26.8461538461538,6.01
11570,20160805,5,0.502666666666667,0.121035217228391,NA,28.6,NA,7.54
11570,20180608,8,0.590833333333333,0.119503391609028,42.5,10.4166666666667,32.0833333333333,7.09
11571,20160810,11,0.862222222222222,0.438969753450559,NA,38.3333333333333,NA,7.76
11571,20181012,8,0.631666666666667,0.286509823196132,NA,29.8333333333333,NA,7.58
11573,20160822,10,0.661,0.207495649218109,NA,32.4,NA,6.61
11573,20180216,7,0.644615384615385,0.299600160898249,NA,30.9230769230769,NA,8.38
11574,20180214,10,0.82,0.261108747034215,NA,37.4,NA,8.2
11575,20160824,8,0.620833333333333,0.184659801863433,52.4166666666667,19.4166666666667,33,7.45
11575,20180306,11,0.816666666666667,0.297951338308792,70.6666666666667,31.2222222222222,39.4444444444444,7.35
11575,20190820,9,0.725454545454545,0.236404891504539,65.1818181818182,28.5454545454545,36.6363636363636,7.98
11576,20160831,7,0.531538461538462,0.35739441689927,NA,27.8461538461538,NA,6.91
11576,20180228,10,0.727,0.110358003284261,63.3,26.2,37.1,7.27
11577,20160907,11,0.648888888888889,0.222454739466506,62.8888888888889,29,33.8888888888889,5.84
11577,20180403,9,0.547272727272727,0.258885724175394,NA,20.0909090909091,NA,6.02
11578,20161005,8,0.451666666666667,0.139989177070835,50,23.6666666666667,26.3333333333333,5.42
11579,20161011,3,0.245294117647059,0.131059034744787,18.8235294117647,2.47058823529412,16.3529411764706,4.17
11579,20180320,5,0.374,0.148073340901441,NA,15.8666666666667,NA,5.61
11581,20161108,13,1.10714285714286,0.160801563602917,72.5714285714286,23.5714285714286,49,7.75
11581,20180417,13,0.852857142857143,0.197628800677287,58.7142857142857,17.5714285714286,41.1428571428571,5.97
11582,20161111,7,0.543076923076923,0.300260570598955,51.3846153846154,22.2307692307692,29.1538461538462,7.06
11589,20161215,12,0.95125,0.271000131787,NA,38.625,NA,7.61
11589,20180808,13,0.71,0.280475786239502,55.5714285714286,19.7142857142857,35.8571428571429,4.97
11592,20170104,3,0.443529411764706,0.231001655201608,28.5294117647059,3.17647058823529,25.3529411764706,7.54
11592,20180803,7,0.437692307692308,0.0650837724467278,32.1538461538462,6.23076923076923,25.9230769230769,5.69
11595,20170123,11,0.784444444444444,0.407587754695572,NA,30.8888888888889,NA,7.06
11595,20180723,8,0.7725,0.194053647690061,NA,34.25,NA,9.27
11599,20170209,6,0.506428571428571,0.151688300996948,NA,5.92857142857143,NA,7.09
11599,20180814,11,0.746666666666667,0.173493515728975,65.4444444444444,27.8888888888889,37.5555555555556,6.72
11600,20170217,9,0.786363636363636,0.364369941879753,NA,25.3636363636364,NA,8.65
11603,20170324,6,0.425,0.12004806729614,45.2142857142857,19.9285714285714,25.2857142857143,5.95
11603,20181027,10,0.755,0.393904951874321,67.9,31,36.9,7.55
11605,20170407,10,0.454,0.198673377962703,NA,24.5,NA,4.54
11605,20181105,8,0.6475,0.432983833416445,59.4166666666667,26.75,32.6666666666667,7.77
11606,20170417,5,0.369333333333333,0.103679910346816,37.1333333333333,14.4,22.7333333333333,5.54
11609,20170503,7,0.554615384615385,0.278286883887095,47.0769230769231,17.3076923076923,29.7692307692308,7.21
11611,20170510,7,0.567692307692308,0.197321811860467,49.2307692307692,18.3846153846154,30.8461538461538,7.38
11616,20170804,9,0.69,0.169941166289984,NA,33.6363636363636,NA,7.59
11636,20180330,5,0.400666666666667,0.106735097097351,32,7.8,24.2,6.01
11637,20180405,9,0.592727272727273,0.238541019914434,55,23.2727272727273,31.7272727272727,6.52
11639,20180411,7,0.45,0.12536613046061,44,17.6923076923077,26.3076923076923,5.85
11641,20180625,10,0.76,0.174355957741627,71.3,33.2,38.1,7.6
11642,20180424,10,0.605,0.361731944953718,NA,31.2,NA,6.05
11643,20180425,13,0.692857142857143,0.392161288490432,NA,33.2857142857143,NA,4.85
11644,20180426,9,0.518181818181818,0.159863578204554,49.7272727272727,20.7272727272727,29,5.7
11651,20180508,14,1.03333333333333,0.374361678950539,NA,42.3333333333333,NA,6.2
11654,20180523,11,0.58,0.209045449603669,46.4444444444444,15.1111111111111,31.3333333333333,5.22
11660,20180608,6,0.446428571428571,0.126040722531505,NA,19.1428571428571,NA,6.25
11671,20180716,7,0.419230769230769,0.125927329470978,42.3846153846154,17.4615384615385,24.9230769230769,5.45
11677,20180724,5,0.430666666666667,0.0686051504383356,29.6666666666667,3.93333333333333,25.7333333333333,6.46
